variant,model,split,status,reason,n_samples,accuracy,macro_f1,balanced_accuracy,quadratic_weighted_kappa
with_passage,hist_gradient_boosting,test,ok,,1037,0.819672131147541,0.6127854154810755,0.5961282537104705,0.26015329617293703
with_passage,extra_trees,test,ok,,1037,0.8177434908389586,0.6133139194204237,0.5966160283304011,0.2590813036098395
without_passage,extra_trees,test,ok,,1037,0.8100289296046287,0.6129196675060491,0.596861325393603,0.2516804213965722
without_passage,hist_gradient_boosting,test,ok,,1037,0.8167791706846673,0.6077599936295589,0.5925954120990662,0.25001522579859325
without_passage,random_forest,test,ok,,1037,0.8100289296046287,0.6062680566557387,0.591743921144043,0.24159603811899744
with_passage,random_forest,test,ok,,1037,0.8129218900675024,0.6042607600912739,0.5901593585058871,0.24121569633239293
with_passage,logistic_regression,test,ok,,1037,0.6875602700096431,0.6080767077267637,0.644040127216132,0.23318772508798113
without_passage,logistic_regression,test,ok,,1037,0.6586306653809064,0.5986104915107461,0.6564741507646501,0.23216033734093022
